,precision,recall,f1-score,support
YTA,0.7912912912912913,0.18589065255731924,0.30105684090259927,5670.0
NTA,0.5534676481983727,0.9523333333333334,0.7000735113942661,6000.0
ES,0.0,0.0,0.0,0.0
accuracy,0.579948586118252,0.579948586118252,0.579948586118252,0.579948586118252
macro avg,0.448252979829888,0.37940799529688424,0.33371011743228846,11670.0
weighted avg,0.6690169246625414,0.579948586118252,0.5062068000242789,11670.0
