,precision,recall,f1-score,support
YTA,0.703921568627451,0.5065255731922399,0.5891282051282051,5670.0
NTA,0.641109785202864,0.7163333333333334,0.6766372795969773,6000.0
ES,0.0,0.0,0.0,0.0
accuracy,0.6143958868894601,0.6143958868894601,0.6143958868894601,0.6143958868894601
macro avg,0.448343784610105,0.4076196355085244,0.4219218282417274,11670.0
weighted avg,0.6716275925736788,0.6143958868894601,0.6341200171944119,11670.0
